인접산,weight
태백산,0.000693241
함백산,0.005966333
세걸산,0.004697286
남산,0.000686577
청룡산,0.011729031
구름산,0.013644366
주흘산,0.034184272
부엉산,0.008355321
구룡산,0.004977686
소반산,0.00034662
봉오리산,0.041759054
용두산,0.008465259
도봉산,0.146412633
모락산,0.013556073
아차산,0.035301522
향적산,0.010319917
시약산,0.021064302
수락산,0.021856048
큰매산,0.003466205
초안산,0.071804554
설악산,0.050571774
소백산,0.0344777
사량도 지리산,0.004397537
호암산,0.085078384
성산,0.000769569
검단산,0.022828699
용마산,0.015505207
비봉산,5.72148E-05
모악산,0.000337952
바데산,0.004401408
청량산,0.001487584
태양산,0.000337952
지리산 노고단,0.056889353
필봉산,0.000439754
고봉산,0.003261243
봉바위산,0.007394222
북한산 응봉능선,0.049490788
가지산,0.000675904
월봉산,0.000769569
가리광산,0.002912139
소요산,0.001043841
장재산,0.015551643
계룡산,0.007255937
식장산,0.048503612
고성산,0.002494131
안산,0.009898158
구름산정상,0.020721925
용뫼산,0.003423251
가야산,0.030233069
청계산,0.009955372
유학산,0.008078995
초례산,0.089766607
천태산,0.003847845
계족산 황토길,0.026831785
삼성산,0.001480933
만월산,0.001562611
신어산,0.007915567
수원산,0.002201861
치학산,0.006932409
매봉산,0.005435405
영인산,0.010051993
응봉산,0.009840943
오봉산,0.003847845
삼봉산,0.018799472
성지바위산,0.005477201
감암산,0.001759015
적갑산,0.005893123
황정산,0.003702332
바랑산,0.001013856
국망산,0.002221399
공동산,0.024008351
덕유산,0.038258575
북악산,0.008238929
매미산,0.000586854
비학산,0.000549692
몽골산,0.016294673
아미산,0.000880282
원미산,0.025066845
봉의산,0.002770083
감추산,0.000568222
도래산,0.003611971
화산,0.003188215
범방산,0.035107169
한라산,0.048333333
곤지산,0.000440141
태봉산,0.000439754
부귀산,0.003119584
망우산,0.007609566
금수산,0.042576823
똥매산,0.003392484
철미산,0.003814554
일불동산,0.01
개코빽이산,0.001031992
칼바위능선,0.016649502
금련산,0.000586854
용암산,0.00011443
동대산,0.014084507
북한산,0.046973338
신불산,0.247503941
청우산,0.002699055
관악산,0.044227028
수덕산,0.008949499
재약산,0.021328056
만어산,0.000989446
돈달산,0.004254695
자양산,0.001209323
호구산,0.001099384
찌키산,0.000598444
선자령,0.009659777
까치절산,0.004436326
장군바위산,0.000355139
달음산,0.010347376
병산,0.000109938
비음산,0.008465259
계방산,0.005895305
삼기산,0.010438413
회기산,0.005219207
삼각산,0.0491475
백마산,0.001539138
가리산,0.002841111
조비산,0.00068465
대곡산,0.000879507
문안산,0.001087081
갈산,0.002961866
과녁바위산,0.015509341
도갑산,0.010476512
와룡산,0.003627968
천생산,0.010269953
용은산,0.013308977
무이산,0.000329815
칠현산,0.000879507
앞산,0.001319261
이방산,0.004617414
문학산,0.085227273
구봉산,0.004055424
흥덕산,0.003627968
교룡산,0.001565762
진달래능선,0.029694473
광덕산,0.000586854
수리산,0.034506367
영취산,0.011323659
사자봉,0.008025506
동산,0.003204028
청학산,0.000781305
작오산,0.00299222
고락산,0.01351808
밤말산,0.001173709
피박골산,0.00027386
영축산,0.00263188
무등산,0.000293427
망계산,0.013662638
화야산,0.001136444
지리산,0.090149516
소왕산,0.15
검봉산,0.000733568
가래실산,0.003125222
유달산,0.023994593
덕성산,0.029166096
허산,0.000782881
일월산,0.003080986
백골산,0.004679144
소래산,0.002609603
명천안산,0.007915567
천을산,0.007480551
번암산,0.002770083
창안산,0.000355139
비룡산,0.000219877
삼인산,0.004127967
보문산,0.000880282
금해산,0.009234828
성동산,0.005675955
최정산,0.000329815
봉림산,0.004177661
남암산,0.057277982
봉황산,0.000219877
송곳산,0.000109938
장태산,0.000586854
용리산,0.001043841
해룡산,0.000109938
천비산,0.003095975
천마산,0.01733608
향로산,0.002638522
운길산,0.005092116
대궁산,0.001988778
발왕산,0.001846722
뇌암산,0.005575117
운재산,0.00068465
불암산,0.021970477
밤바위산,0.003560181
중성산,0.006161851
두륜산,0.014193984
검욱바위산,0.005340271
황장산,0.00528169
이말산,0.07964298
칠성산,0.000782881
진강산,0.005477201
단풍산,0.000497194
소망산,0.004758861
철마산,0.002345806
예진산,0.008626592
상봉산,0.001351808
백운산,0.008245383
거마산,0.025735294
승무산,0.014231221
도당산,0.009133612
사자산,0.001013856
너구리산,0.010406682
두리봉산,0.003814554
붉은병산,0.000568222
현성산,0.003847845
민주지산,0.001209323
계명산,0.000440141
조령산,0.04331729
설악산 공룡능선,0.122238795
승학산,0.000769569
금학산,0.001013856
부용산,0.020139604
호태산,0.006707946
미역산,0.003012461
매봉재산,0.015962925
백곡산,0.005183265
성주산,0.000293427
겸암산,0.00319625
청대산,0.003267278
수풀무산,0.000426167
이성산,0.001773658
보배산,0.000329815
실봉산,0.000219877
장지산,0.048174746
안마산,0.002983166
북성산,7.10278E-05
불곡산,0.007482394
금정산,0.003957784
본향산,0.002339572
천금산,0.001031992
백봉산,0.003490102
삼악산,0.001320423
광교산,0.037108038
아치산,0.0012785
황금산,0.00131594
동매산,0.001173709
송인산,0.0011107
백덕산,0.010014916
수도산,0.006748826
오학산,0.00034662
백련산,0.001945303
운봉산,0.002983166
잠두산,0.000213083
문수산,0.002053991
내장산,0.033663883
선장산,0.003149391
장수산,0.026403743
공작산,0.002343916
박월산,0.000109938
고은산,0.002574665
오산,0.000769569
금광산,0.005219207
도솔산,0.000293427
무학산,0.002858399
보납산,0.003125222
안중산,0.000439754
점등산,0.006002088
멀산,0.001319261
팔공산,0.009536385
우면산,0.0065797
양지갓산,0.00013693
불명산,0.006263048
홍산,0.000521921
궁산,0.000171644
고비산,0.00140994
사패산,0.002860739
삼태기산,0.00211491
서포제동산,0.021666667
오서산,0.013864818
용문산,0.030672326
드름산,0.001988778
성황산,0.000146714
애뒤산,0.007774898
봉화산,0.003661746
달봉산,0.004841549
봉안산,0.003521127
봉우산,0.019607843
의성산,0.031781227
천보산,0.00526376
법니산,0.008976661
축령산,0.000521921
대방산,0.000219877
황학산,0.003374413
대모산,0.007666781
대둔산,0.000440141
봉산,0.000219877
천제산,0.000439754
고산,0.001666667
성치산,0.009012132
각호산,0.00797227
주미산,0.001547988
장아산,0.001759015
덕암산,0.000400503
마니산,0.006239168
작은오봉산,0.005277045
주봉산,0.001851166
남여산,0.000109938
어등산,0.00026096
뒷매산,0.00054772
보수산,0.002217295
앞동산,0.041666667
대덕산,0.000109938
천겸산,0.000457718
오패산,0.016706717
운악산,0.007884083
봉대산,0.001099384
대왕산,0.000880282
우암산,0.000629363
기산,0.000549692
고대산,0.000497194
뒵내산,0.003653445
무룡산,0.001539138
흰봉산,0.00319625
덕두산,0.00756785
육청광산,0.001988778
백화산,0.002934272
인왕산,0.009898158
북배산,0.002912139
어답산,0.001562611
좌이산,0.001539138
원적산,0.000142056
경운산,0.002528584
명마산,0.001907277
설화산,0.006932409
해명산,0.004107901
중원산,0.030261536
고불산,0.004929481
금오산,0.000109938
청명산,0.002601671
향산,0.001196888
우두산,0.003627968
뇌정산,0.001467136
남한산,0.003032384
명성산,0.005966333
왕재등산,0.003812825
팔달산,0.005340271
윤산,0.023281596
봉덕산,0.000293427
당우산,0.000989446
삼마산,0.087971275
민산,0.13622291
구병산,0.000440141
만행산,0.004697286
오얀산,0.001026995
팔룡산,0.009784521
함지산,0.038898863
대암산,0.008025506
우미산,0.000439754
북덕산,0.001386482
만연산,0.130066972
갑산,0.000915437
서대산,0.01559792
월아산,0.001539138
둔덕산,0.021860329
작은동산,0.017030729
벽방산,0.001978892
다봉산,0.004988263
천주산,0.003078276
뒷동산,0.006666667
삼호산진입로,0.014188124
장산,0.000440141
신선산,0.029952706
천두산,0.01907277
좌구산,0.005553499
기룡산,0.00161385
작약산,0.000109938
오도산,0.000879507
남덕유산,0.018469657
당산,0.00351803
보덕산,0.000675904
사명산,0.002557
팔영산,0.00506928
내연산,0.039319249
대령산,0.001320423
비슬산,0.000659631
왕자산,0.008318891
금산,0.001868953
석불산,0.000521921
부춘산,0.004852686
봉래산,0.001351808
염포산,0.034156595
동뫼산,0.001099384
명태산,0.000497194
구곡산,0.001868953
미륵산,0.006156552
인단산,0.000515996
망경산,0.010398614
낙산,0.000572148
용마능선,0.003089598
내산,0.00027386
매화산,0.001759015
천관산,0.015545792
광대골산,0.001565762
연암산,0.000693241
태조산,0.021143847
성거산,0.004159445
운대산,0.000897666
황산,0.000109938
봉두산,0.005936675
관음산,0.028379773
오금산,0.001826722
운두산,0.003833391
건지산,0.000743792
박석산,0.001026995
덤바위산,0.00164316
용천산,0.001209323
창산,0.000923361
영남산,0.003961268
광명산,0.00034662
팔봉산,0.000329815
주정산,0.004072566
산성산,0.000329815
사태봉산,0.00070497
솥발산,0.000146714
은봉산,0.000693241
백양산,0.052845528
만복대,0.005219207
입화산,0.018917499
고장산,0.000521921
청송산,0.004397537
부랭이산,0.00026096
문도산,0.003188215
초피산,0.006983431
쉰움산,0.002200704
별산,0.007402185
금암산,0.00131594
망뫼산,0.000675904
칠보산,0.001760563
말목산,0.000146714
갈매실산,0.009255831
잣밭산,0.001173709
소물산,0.001026995
부소산,0.004506066
귀룡산,0.000219877
철봉산,0.001547988
죽곡산,0.011370437
불모산,0.010334213
마안산,0.001039861
청옥산,0.006161972
말미산,0.00034662
좌방산,0.00063925
상학산,0.016260163
복주산,0.004190639
대운산,0.001209323
불무산,0.010867249
억산,0.005716799
성암산,0.001978892
덕절산,0.001539138
천봉산,0.004548122
마산,0.005611194
황방산,0.009916493
보루산,0.00161385
백적산,0.00191775
들미산,0.000740466
성수산,0.002087683
치악산,0.015910221
도락산,0.006179416
승암산,0.007306889
봉성산,0.002087683
도덕산,0.000293427
망마산,0.007434944
수매산,0.000897666
봉매산,0.002673797
월출산,0.088881379
교회뒷산,0.007018717
영산,7.10278E-05
월성산,0.004127967
오성산,0.000337952
복덕산,0.001351808
백두산,0.000439754
월명산,0.006002088
장복산,0.002968338
왕박산,0.003702332
대야산,0.018141429
마이산,0.027036395
망운산,0.000879507
백암산,0.001978892
무지산,0.000733568
일봉산,0.004159445
부아산,0.00164316
삼방산,0.001173709
꽃산,0.00013693
영주산,0.000171644
공덕산,0.000109938
금소산,0.0012785
작성산,0.012958164
망산,0.007365875
갱치뒷산,0.002961866
소륵산,0.068333333
양하산,0.001733102
대성산,0.000219877
잠산,0.00448833
똥뫼산,0.00208883
영장산,0.000228859
인성산,0.000329815
잣방산,0.001775694
가사미산,0.002005348
예빈산,0.000972651
홍샘이동산,0.053333333
함봉산,0.005013369
묵장산,0.000293427
심항산,0.009255831
흑석산,0.00168976
호명산,0.000370233
만리산,0.004548122
주산,0.002308707
호두술산,0.013673319
개군산,0.00095851
벌러진동산,0.041666667
적상산,0.004287599
덕음산,0.001351808
석대산,0.001099384
빈계산,0.020639835
주월산,0.004393376
동석산,0.006083136
등골산,0.003977555
수디산,0.0011107
덕산,0.001043841
산병산,0.00034662
형제산,0.003560181
금병산,0.000769569
양성산,0.014068863
무명산,0.00034662
오조산,0.009024064
만덕산,0.003041568
학운산,0.001002674
별뫼산,0.002703616
금성산,0.000109938
관주산,0.000675904
덕봉산,0.000586854
마명산,0.001207472
광제산,0.000879507
대룡산,0.000337952
팔각산,0.009389671
태기산,0.002201861
상아산,0.013137152
마오산,0.00095851
단암산,0.002692998
희양산,0.004988263
상두산정상,0.002348643
덕고산,0.001562611
황병산,0.002699055
대황산,0.000549692
기차산,0.011743215
현종산,0.005134977
배봉재,0.000514933
문영산,0.00011443
능걸산,0.001099384
갈미산,0.000782881
석포산,0.002860739
진늪산,0.001320423
소금강산,0.003080986
노고지리산,0.010927036
칠봉산,0.000769569
뒷산,0.000769569
천성산,0.017919965
계동산,0.002087683
가제산,0.000440141
금무들산,0.001319261
태화산,0.002772964
계양산,0.029745989
도마산,0.000370233
집현산,0.000769569
둔지산,0.001760563
인등산,0.001851166
중왕산,0.000994389
절산,0.000781305
수름산,0.001480933
베틀산,0.001467136
원당산,0.000293427
하마산,0.002579979
가은산,0.005183265
아홉산,0.005173688
설매산,0.000337952
다가산,0.002348643
고헌산,0.010509721
화봉산,0.000355139
연석산,0.005741127
태복산,0.003078276
제암산,0.004393376
삼태산,0.000781305
억불산,0.00506928
봉애산,0.002870564
강천산,0.016701461
고남산,0.004697286
광려산,0.000329815
엄광산,0.018477458
구사산,0.013333333
서화산,0.006015258
수정산,0.000146714
봉복산,0.001633639
마골산,0.000337952
두두리동산,0.028333333
호등산,0.00168976
부락산,0.001467136
단월산,0.007531152
건달산,0.00109544
박달산,0.001733102
호천산,0.000369549
순금산,0.000146714
봉두암산,0.000586854
팔성산,0.00013693
성불산,0.002591633
수암산,0.001351808
방축안산,0.012032086
제석산,0.002703616
큰암산,0.00493479
응복산,0.00575325
법화산,0.000769569
왕방산,0.001988778
매곡산,0.010574551
오미산,0.001173709
영추산,0.0014292
고배기 동산,0.013333333
병풍산,0.000293427
소머리산,0.000146714
벚꽃동산,0.007018717
제비산,0.003080986
마차산,0.00178009
백족산,0.004442799
여수곡산,0.00191702
선바우산,0.001065417
구덕산,0.024390244
노산,0.000710278
함박산,0.000989446
환성산,0.043087971
석벽산,0.000293427
용화산,0.000219877
가엽산,0.000370233
용강산,0.003812825
양을산,0.007772896
수동산,0.001868953
묵봉산,0.000740466
문암산,0.000879507
내왕산,0.00070497
화지산,0.000219877
민등산,0.003374413
거류산,0.001978892
범바위산,0.000109938
배각산,0.000675904
장작울동산,0.011666667
멍애산,0.000733568
수양산,0.001666667
학산,0.002870564
검은산,0.000337952
바로건너산,0.001258725
설봉산,0.007531152
갈기산,0.004506066
약수산,0.0038355
호초당산,0.000880282
시루봉산,0.001026995
시루산,0.002027712
큰산,0.000109938
복두산,0.001320423
백학산,0.002053991
왕산,0.000879507
호룡곡산,0.010026738
노상산,0.001099384
신월산,0.002308707
선달산,0.002494131
적석산,0.001539138
아훼동산,0.002858399
대학산,0.002272889
방태산,0.004900916
임호산,0.003188215
산장산,0.011867905
지족산,0.008255934
청태산,0.001633639
왕구리뒷산,0.00082158
사향산,0.000142056
진달래동산,0.02105615
천지산,0.003374413
앵봉산,0.000972651
바위산,0.001013856
수색산,0.001258725
만뢰산,0.005545927
망우리산,0.000497194
탑산,0.006602113
절개산,0.000142056
무듬산,0.000219877
안자산,0.0011107
감악산,0.001978892
산수골산,0.00054772
상월산,0.008812125
발용산,0.000352485
연호산,0.008078995
송악산,0.005
행종산,0.001173709
금무산,0.000693241
시량산,0.000740466
곰직이산,0.019410745
백룡산,0.001351808
취병산,0.000142056
불산,0.000994389
봉서산,0.001320423
안장산,0.011279521
운문산,0.011873351
대선산,0.001013856
대각산,0.00782881
무갑산,0.00422982
곰배령,0.006108388
우성이산,0.012899897
남부능선,0.009234828
비파산,0.002347418
대박산,0.013180128
마대산,0.000586854
삼정산,0.046174142
운암산,0.00168976
적변산,0.001026995
가덕산,0.000497194
작동산,0.00434492
문복산,0.013302551
금단산,0.002591633
가련산,0.00782881
백악산,0.000769569
민둥산,0.000293427
장년산,0.002956393
마천산,0.011669659
남수산,0.001173709
오대산,0.001386482
재안산,0.002201861
초당거리산,0.002841111
거문산,0.000213083
사무산,0.008145131
산밭골산,0.001099384
금용산,0.007760532
선학산,0.006926121
화악산,0.001099384
등곡산,0.011847464
석화산,0.000781305
소반바위산,0.000337952
여항산,0.002528584
송문산,0.003054194
연화산,0.000659631
앵당산,0.000781305
사방산,0.000675904
구절산,0.00034662
매조산,0.000343289
도독고산,0.001108647
장군산,0.000329815
마양산,0.000733568
소뿔산,0.001136444
새벽대기산,0.000781305
철암산,0.001320423
태자산,0.000109938
굴암산,0.002858399
종괘산,0.00211491
배골산,0.00619195
망진산,0.00769569
죽바우등,0.008795075
고작지산,0.000852333
석용산,0.005398111
마적산,0.002557
보라산,0.00164316
땅뫼산,0.012195122
철탄산,0.002347418
구미산,0.000568222
윤지미산,0.000880282
원통산,0.002347418
한재산,0.000852333
동악산,0.000880282
소리산,0.007805012
대소산,0.001026995
곱돌산,0.000686577
통미산,0.000370233
고려산,0.000740466
금물산,0.00063925
월악산,0.039985191
마름산,0.00140994
포암산,0.002053991
당동산,0.04
오난산,0.001002674
척령산,0.00299222
추읍산,0.00205395
냉산,0.001760563
중미산,0.000733568
치마바위산,0.002591633
개구리산,0.003298153
도화산,0.000733568
악견산,0.000659631
대미산,0.001320423
망덕산,0.000439754
산방산,0.068333333
먹산,0.011477231
흑성산,0.003119584
장백산,0.006263048
취암산,0.00762565
오계산,0.001196888
도장산,0.000109938
선두산,0.0011107
필산,0.00161385
딴뫼산,0.000293427
가산,0.00208883
대봉산,0.000769569
최악산,0.00026096
정개산,0.000109938
천축산,0.000733568
올산,0.001775694
좌상산,0.00034662
박산,0.00054772
흔적골산,0.006707946
녹대산,0.000219877
남병산,0.000355139
자굴산,0.003188215
금당산,0.000284111
산신동산,0.038333333
복계산,0.003551389
계족산,0.002703616
어유산,0.000440141
지리산 왕등재,0.006376429
논덕산,0.000329815
종자산,0.003409333
짚봉산,0.020796616
보개산,0.000693241
무장산,0.019512911
천잠산,0.000782881
봉산(209m),0.001029866
토성산,0.001547988
세석평전,0.028474055
우각산,0.00337952
천종산,0.011221294
매악산,0.001026995
가칠미산,0.006298781
북바위산,0.003702332
잔미산,0.00034662
응머리산,0.00131594
토당산,0.005013369
뇌계뒷산,0.000213083
배머루산,0.00027386
군자산,0.0011107
두류산,0.000337952
관산,0.000293427
상산,0.000440141
복우산,0.000880282
접산,0.00191775
바라산,0.003286321
하일산,0.001065417
와곡산,0.000586854
검각산,0.000142056
절뒤산,0.00211491
응해산,0.030520646
대부산,0.000675904
제황산,0.0014292
안면산,0.0014292
서산,0.001760563
낭산산,0.000521921
치재산,0.00281988
불당산,0.000219877
반지미산,0.000355139
청암산,0.005480167
비용산,0.00026096
마산골산,0.00027386
북암산,0.003847845
구만산,0.007255937
본술산,0.03
신현산,0.000219877
광학산,0.01236631
검마산,0.000440141
금마산,0.006524008
반월산,0.003298153
남군자산,0.002961866
어래산,0.0032277
기양산,0.001026995
광대산,0.000370233
운제산,0.012030516
대지산,0.002464741
호락산,0.001043841
입암산,0.000521921
탕근산,0.000439754
송곡치산,0.00063925
방광산,0.001173709
백이산,0.001099384
왕령산,0.000329815
통방산,0.011438475
작살랑산,0.003392484
삼호산,0.013137152
천왕산,0.000343289
지측산,0.000586854
부모산,0.009626064
보산,0.000146714
은이산,0.00041079
팔암산,0.000219877
봉정산,0.000352485
오족산,0.000293427
달마산,0.01351808
주왕산,0.023034038
노고산,0.000343289
박봉산,0.000440141
신병산,0.001562611
방산,0.000586854
가리왕산,0.004971944
의봉산,0.000219877
돋질산,0.005254861
낙수물산,0.001336898
혈구산,0.003286321
능동산,0.011666667
감방산,0.000675904
면위산,0.003332099
면화산,0.000219877
보래산,0.001562611
지장산,0.000293427
발암산,0.001319261
덕항산,0.004694836
월현산,0.000880282
구암산,0.000440141
월산,0.002467395
진봉산,0.000879507
영암산,0.001099384
조산,0.002494131
오룡산,0.00168976
성현산,0.000659631
장미산,0.000740466
만지산,0.000219877
목우산,0.001207472
보현산,0.004401408
수인산,0.000337952
운남산,0.000733568
불갑산,0.009800608
두봉산,0.000733568
회계산,0.0014292
지봉산,0.000675904
대화실산,0.002343916
천마지맥,0.00143037
고지산,0.000213083
속동산,0.000355139
구성산,0.000521921
배방산,0.005199307
굴봉산,0.002557
내정병산,0.006156552
장안산,0.00782881
멱미산,0.00149611
낙가산,0.007034432
연죽산,0.00299222
각산,0.002418646
분성산,0.005496922
쌍산,0.000598444
조양산,0.000586854
미타산,0.000769569
구나무산,0.000213083
금봉산,0.000343289
보광산,0.000146714
무선산,0.000109938
덕가산,0.004694836
월암산,0.000440141
묵방산,0.004175365
소금산,0.004829888
독뫼산,0.000440141
좌성산,0.007279029
배암산,0.000675904
보련산,0.003332099
망고산,0.000675904
우금산,0.002087683
만인산,0.003466205
자라매산,0.00205395
붕산,0.00034662
소군산,0.000284111
정병산,0.004287599
무봉산,0.000659631
생바위산,0.00013693
활성산,0.004731328
갈지산,0.00013693
동모산,0.014412417
고씨종산,0.015
만세동산,0.015
꼬깔산,0.002494131
대정산,0.000293427
죽엽산,0.001420555
안평산,0.001039861
주작산,0.004731328
운무산,0.000923361
대항산,0.006664198
궁방산,0.002053991
강정동산,0.021666667
돗대산,0.0014292
까치산,0.001945303
용덕산,0.000109938
인내산,0.000440141
사화산,0.000781305
주부산,0.00026096
꺼먼재산,0.000146714
말머리산,0.000586854
성왕산,0.00034662
부정미산,0.005347594
두음산,0.000440141
하계산,0.00041079
알랑산,0.001039861
공주산,0.000521921
연지산,0.000109938
금주산,0.000329815
우재산,0.005892548
오장산,0.000337952
고루포기산,0.002770083
미숭산,0.000219877
솔미산,0.000568222
뱀산,0.000439754
배산,0.004697286
초개산,0.004055424
화림산,0.000293427
선의산,0.000109938
울련산,0.00161385
와우산,0.000171644
석두산,0.000426167
환산,0.004643963
운달산,0.005868545
무릉산,0.000880282
불광산,0.002968338
화왕산,0.009564644
퇴미산,0.00013693
가좌산,0.001649077
봉천산,0.0013693
건봉산,0.000568222
묘막산,0.003702332
고도산,0.000293427
함박등,0.003737907
다부산,0.000213083
음봉산,0.001633639
지령산,0.000693241
새가산,0.000586854
우산,0.000439754
칼산,0.000284111
낭월산,0.00070497
덕우산,0.001704667
용달산,0.000586854
자병산,0.000852333
서룡산,0.005741127
조림산,0.000586854
해망산,0.000880282
똥메산,0.005386983
신산,0.000146714
건등산,0.000213083
우명산,0.000675904
광대수산,0.004442799
은자산,0.001467136
정광산,0.001057455
황령산,0.011456024
천등산,0.002200704
계령산,0.000219877
복음산,0.000782881
무좌골산,0.001760563
국사당산,0.000880282
고초산,0.000440141
뱀째산,0.001065417
유명산,0.004332694
안심산,0.003717472
장군대산,0.000659631
제산,0.002200704
상원산,0.000329815
가성산,0.000586854
연인산,0.004190639
부주산,0.004393376
고동산,0.000549692
문장산,0.001013856
종현산,0.000497194
조항산,0.000329815
삼보산,0.000733568
공성산,0.001013856
장령산,0.003119584
봉미산,0.000675904
도명산,0.011106997
범우산,0.001762425
월각산,0.004393376
쌍령산,0.00013693
당중산,0.002272889
장구목이골,0.002343916
두악산,0.001136444
막기항산,0.002772964
왕대산,0.001733102
치마산,0.001304802
새미산,0.001173709
호랑산,0.000109938
방장산,0.000337952
작대산,0.000329815
말산,0.005685218
교동산,0.000659631
경각산,0.003392484
중봉산,0.000284111
보타산,0.000284111
안양산,0.001013856
오갑산,0.000740466
승마산,0.000329815
양자산,0.000710278
용좌산,0.000299222
사우앙산,0.002961866
월영산,0.003392484
선암산,0.001759015
구명산,0.008333333
첨잠산,0.003131524
용담산,0.00054772
운화산,0.00070497
감은산,0.00026096
명활산,0.000586854
진악산,0.005545927
통고산,0.000586854
토곡산,0.003298153
협산,0.00337952
달반니산,0.000284111
저명산,0.00150623
성지산,0.002198769
감바위산,0.004127967
후산,0.000659631
성령산,0.000879507
불알산,0.00034662
능암덕산,0.000213083
유룡산,0.002467395
반룡산,0.001978892
분당골산,0.000693241
운장산,0.006585789
개산,0.000879507
개명산,0.000400503
백월산,0.001099384
보록산,0.014531936
천불산,0.005057168
불태산,0.007739938
곡산,0.000109938
도음산,0.001907277
반섬산,0.000337952
둔철산,0.000329815
갈마산,0.000659631
갈모봉산,0.000219877
봉명산,0.000769569
괘방산,0.000879507
이구산,0.000329815
안내산,0.001826722
두룽산,0.0011107
천황산,0.002198769
매바위산,0.000549692
치및산,0.00178009
재신산,0.001057455
망골산,0.00054772
노적산,0.000109938
덕어산,0.000142056
노자산,0.00208883
사자바위산,0.005407232
망월산,0.001868953
명봉산,0.000213083
백수리산,0.000109938
용산,0.001907277
험봉산,0.002673797
말동산,0.001336898
석치산,0.002870564
장등산,0.002858399
팔금산,0.004065041
배거른산,0.000568222
명심산,0.002591633
자산,0.003333333
달팽이산,0.00027386
화장산,0.001099384
봉좌산,0.002200704
국지산,0.000142056
갈강산,0.000733568
명막산,0.001547988
반야산,0.001547988
마파산,0.004617414
미모산,0.000293427
함라산,0.003653445
덕곡산,0.00208883
답산,0.000880282
봉암산,0.000293427
북산,0.000549692
석모산,0.000219877
석성산,0.004655621
화개산,0.001319261
달이산,0.005199307
망동산,0.003333333
능천산,0.015559545
능산,0.000586854
것대산,0.019992595
대구청산,0.000439754
팔양산,0.00070497
소탐산,0.00034662
목령산,0.004442799
병암산,0.000586854
범산,0.000337952
여계산,0.00178009
가섬배산,0.001039861
오로산,0.000284111
모리산,0.000659631
성골산,0.0011107
삼발랭산,0.001851166
토함산,0.006015258
사남산,0.000213083
군지산,0.002528584
다랑산,0.011847464
낭산,0.000586854
학미산,0.002339572
땅골산,0.000586854
응달평산,0.00205395
예암산,0.003717472
견두산,0.004175365
샛말산,0.003008021
산막이옛길 소나무동산,0.021103295
팔마산,0.000521921
장정산,0.000337952
천삼산,0.000426167
아박산,0.001759015
덕룡산,0.004731328
청룡오리산,0.00150623
경마산,0.000586854
병방산,0.000355139
부목골산,0.002467395
검산,0.002870564
말등메이산,0.01236631
서하산,0.00027386
연태산,0.000109938
독경산,0.001320423
길상산,0.00178009
망월잔등산,0.000740466
시묘산,0.000515996
죽도산,0.000733568
만불산,0.000440141
화방산,0.000337952
매산,0.00013693
생이동산,0.013333333
정각산,0.001649077
날뫼산,0.000897666
백산,0.000329815
요강바위산,0.002609603
성황당산,0.000659631
화부산,0.000146714
설흘산,0.001539138
용치산,0.000549692
독봉산,0.0014292
부대산,0.000740466
함월산,0.000586854
월음산,0.001108647
백석산,0.000329815
현등산,0.004190639
눌의산,0.001173709
상인대산,0.000440141
한산,0.000213083
계금산,0.000337952
달산,0.00149611
오두산,0.00054772
고개밑산,0.00082158
봉태산,0.004203889
화담산,0.003291442
주금산,0.001491583
왕골산,0.00034662
진산,0.00034662
도련산,0.001851166
노성산,0.001480933
도불산,0.001868953
서림미산,0.000219877
양달산,0.000329815
마치산,0.003041568
대차리산,0.011847464
월간산,0.000109938
춘의산,0.006016043
황석산,0.002198769
서랑말링산,0.000352485
인봉산,0.002094554
쫓비산,0.006083136
거북산,0.000329815
영천산,0.00070497
어룡산,0.000440141
소대방산,0.00168976
방문산,0.004175365
중매산,0.001319261
두문산,0.0014292
침산,0.002692998
갑하산,0.007739938
능안산,0.001762425
도천산,0.000598444
평풍산,0.001039861
구데골산,0.015883745
된불데기산,0.000710278
용구산,0.00070497
정발산,0.000514933
서설미산,0.00013693
두름산,0.000146714
국수산,0.00068465
피래산,0.000852333
조계산,0.023656641
북병산,0.002308707
등촌잔등산,0.00068465
승비산,0.000439754
갑장산,0.002787559
뒷골산,0.000693241
감도산,0.000352485
일광산,0.00886918
하남산,0.002961866
뒷삐알산,0.002748461
용투산,0.002609603
예봉산,0.004748827
모재산,0.003041568
미악산,0.008333333
못산,0.000440141
파평산,0.00219088
시루메산,0.002875531
봉재산,5.72148E-05
댕평산,0.004393376
퇴뫼산,0.000228859
퇴모산,0.004381761
왕모산,0.00161385
적산,0.00140994
미양산,0.000439754
점방산,0.004175365
왕가산,0.001043841
천호산,0.001304802
문봉산,0.000146714
괴이산,7.10278E-05
구슬뫼,0.000142056
오음산,0.000923361
장대산,0.000659631
팔음산,0.000146714
앵산,0.0014292
모후산,0.001351808
가늠산,0.004442799
사리산,0.003423251
궁성산,0.000675904
왜갈동산,0.000497194
석룡산,0.000219877
삼동산,0.000586854
깃대산,0.00034662
박이뫼산,0.002870564
약산,0.001760563
아가산,0.001026995
어둔산,0.000989446
중리뒷산,0.0011107
아기산,0.000146714
용요산,0.001304802
대밭골산,0.000219877
송규산,0.002087683
덕재산,0.001043841
지산,0.000549692
마봉산,0.000879507
천장산,0.00011443
내변산,0.012004175
일림산,0.004731328
단석산,0.003080986
물안산,0.000710278
두승산,0.001565762
시앙산,0.003131524
명당산,0.001136444
월경산,0.000439754
천지갑산,0.000880282
천자암산,0.003041568
송화산,0.00366784
보장산,0.000852333
영구산,0.001043841
신조산,0.00026096
종고산,0.00168976
서리산,0.003490102
구지산,0.00026096
기대백이산,0.002348643
남방골산,0.000659631
양지편산,0.000109938
송산,0.009692513
삼학산,0.00026096
상정바위산,0.000497194
장지르내미산,0.00027386
고근산,0.021666667
대동산,0.000521921
풍락산,0.000586854
표대산,0.001320423
진등산,0.000109938
죽렴산,0.00063925
적벽산,0.000439754
대금산,0.000549692
서당산,0.001013856
명덕산,0.002579979
질운산,0.000781305
노랑갓골산,0.000109938
자웅산,0.00095851
대문달산,0.000146714
소학산,0.000219877
대니산,0.00034662
서밭산,0.001547988
벼락산,0.00013693
잠용산,0.002094554
정족산,0.000549692
보름산,0.000370233
변산,0.005480167
회봉산,0.000284111
월대산,0.001633639
배거리산,0.000213083
백일뒷산,0.001539138
정안산,0.002703616
방우재산,0.001026995
중틀산,0.000733568
망개산,0.000439754
연비산,0.000782881
꽃메산,0.00082158
경일산,0.000598444
배대기산,0.006239168
동지골산,0.001026995
구진산,0.000740466
불정산,0.000586854
식산,0.000293427
송비산,0.000109938
발본산,0.000497194
조종산,0.00026096
옥산,0.000880282
용림산,0.000733568
천덕산,0.000782881
몽덕산,0.0012785
망경대산,0.000284111
와불산,0.000879507
신흥뒷산,0.001209323
칠락산,0.000337952
유릉산,0.000293427
새탄산,0.000299222
흥정산,0.001633639
시랑산,0.001108647
속리산,0.002591633
덕정산,0.00082158
성묘산,0.001013856
도고산,0.002426343
발교산,0.001420555
방어산,0.000109938
갓바위산,0.000440141
고덕산,0.000286074
동죽산,0.000521921
아람산,0.0013693
검덕산,0.001013856
앵무산,0.002027712
보남산,0.001491583
종남산,0.000659631
약사산,0.00140994
벽도산,0.000440141
적오산,0.007223942
보갓이산,0.00161385
망해산,0.000293427
자휴산,7.10278E-05
수리들미산,0.00013693
노아산,0.00123237
당마루산,0.003095975
나부산,0.000109938
창수산,0.000880282
돈네미산,0.00063925
객산,0.000514933
서림산,0.000370233
야미산,0.002591633
고당산,0.000146714
갈전산,0.000219877
수선산,0.000586854
이바위산,0.004852686
해란산,0.000668449
천암산,0.000329815
옥봉산,0.002063983
육백산,0.00161385
수무산,0.000549692
덤산,0.000586854
낙영산,0.004442799
마룡산,0.000293427
망대산,0.000213083
가령산,0.008515365
청등산,0.000693241
넙적골산,0.000693241
곡달산,0.000213083
분적산,0.005992245
놋종산,0.001351808
너치레산,0.000293427
두타산,0.001907277
와등산,0.001057455
송라산,0.000572148
신아산,0.001057455
송청산,0.000293427
왕재산,0.00011443
북망산,0.00191702
창암산,0.001759015
병마산,0.002961866
검무산,0.000586854
이중산,0.000440141
장자산,0.000329815
홍두깨산,0.000659631
하지산,0.000146714
목지동산,0.005
뛰둥산,0.001826722
쌍고산,0.001351808
살세미산,0.000740466
새잼이산,0.000293427
추화산,0.001099384
용림이산,0.000284111
존제산,0.001351808
운주산,0.000440141
진전산,0.000586854
사모실산,0.001173709
동구지산,0.001026995
대산,0.000769569
하설산,0.004442799
마등산,0.003834041
산지지,0.00026096
댕댕이산,0.000586854
연미산,0.002063983
천만산,0.005892548
납산,0.000109938
남악산,0.003914405
대락동산,0.015
성미산,0.00026096
운흥산,0.000668449
인덕산,0.000329815
성항산,0.000515996
왕의산,0.01351808
은적산,0.000740466
무척산,0.0014292
큰갓실산,0.000549692
세번지산,7.10278E-05
새바지산,0.00262743
경주산,0.000439754
순사이산,0.000586854
한석산,0.001420555
자경산,0.000439754
등명산,0.0014292
옹강산,0.000769569
팔용산,0.002772964
매방재산,0.002308707
신무산,0.001826722
나리산,0.000675904
돈대산,0.000219877
아리산,0.000497194
장갓산,0.000213083
사슴산,0.000109938
남다리산,0.000337952
광석산,0.000146714
냉천산,0.000219877
진당산,0.001039861
만수산,0.002079723
점봉산,0.000852333
쌍교산,0.000879507
군월산,0.004582305
인의산,0.001013856
노래산,0.001320423
봉골산,0.00041079
기백산,0.002418646
오대주산,0.000549692
한우산,0.000549692
초점산,0.000329815
구치산,0.000142056
천개산,0.000439754
포제동산,0.000782881
남망산,0.000879507
부엉댕이산,0.000352485
심재산,0.000497194
둥그래산,0.002079723
미봉산,0.000329815
태경산,0.001043841
자구산,0.000293427
당제산,0.001565762
검암산,0.001209323
샛죽바위산,0.001039861
진재말림산,0.001039861
용심산,0.000782881
안봉산,0.003678403
비산등산,0.000299222
희리산,0.001039861
한동산,0.000782881
열왕산,0.000329815
외화산,0.00027386
순산,0.000521921
연감산,0.000769569
만대산,0.000284111
밭억만산,0.00027386
동신어산,0.000659631
귀암산,0.001304802
마성산,0.001031992
타관산,0.001043841
선은산,0.000675904
산이내산,0.00281988
동그락산,0.000370233
징미산,0.002339572
월매산,0.001026995
덕령산,0.000213083
철암박이산,0.002703616
고운산,0.000525486
큰설산,0.004731328
동메산,0.000337952
자지산,0.002772964
골미산,7.10278E-05
마두산,0.000740466
보은산,0.001013856
윤도산,0.005745184
제봉산,0.000733568
기미산,0.001319261
철성산,0.000337952
숙성산,0.000659631
이명산,0.004055424
보등산,0.00208883
고룡산,0.001733102
소알미산,7.10278E-05
지명산,0.0011107
연애산,0.003325942
석병산,0.000852333
칼바위산,0.00013693
어두메산,0.000352485
소이산,0.000355139
불붙은데산,0.00070497
번개바위산,0.000284111
큰날산,0.000521921
뒤맷산,0.000659631
동두산,0.000213083
유주산,0.000675904
옥마산,0.003717472
바래기산,0.00041079
참나무골산,0.003611971
안일왕산,0.002053991
대두산,0.00026096
보해산,0.000879507
내증산,0.0011107
갈미봉,0.003095975
근산,0.000440141
까치등산,0.000109938
남거산,0.001666667
마구산,0.001057455
양지산,0.000880282
금왕산,0.00095851
황악산,0.003119584
채기산,0.002870564
고래산,0.000629363
가라산,5.72148E-05
등산,0.000146714
섯갓산,0.000293427
배미산,0.0011107
송장산,0.000781305
건흥산,0.000439754
오동산,0.000299222
공누산,0.000219877
석산,0.000370233
슬음산,0.000142056
대표산,0.001026995
계관산,0.001013856
둘안산,0.00262743
야방산,0.000337952
마당재산,0.000370233
황우산,0.001026995
계남산,0.001029866
해철이산,0.007739938
관모산,0.000284111
문등산,0.001026995
백자산,0.005385996
주화산,0.001304802
동리산,0.000369549
비산,0.000355139
신달이산,0.000146714
황수등산,0.000440141
멧골산,0.001013856
칭령산,0.000675904
북민산,0.000693241
마향산,0.000549692
수문산,0.000146714
소무산,0.00013693
강금산,0.00013693
산바래기산,0.000515996
왕봉산,0.000329815
대마산,0.000146714
중태산,0.000146714
예성산,0.001057455
방모산,0.001847746
까망몰랑이산,0.000675904
샘봉산,0.002221399
금곡산,0.000293427
수전터산,0.002772964
반륜산,0.00063925
태청산,0.000337952
웃고왕산,0.00041079
체게산,0.002426343
계당산,0.00070497
동무산,7.10278E-05
가창산,0.001851166
선구산,0.001467136
보평산,0.001351808
호골산,0.000146714
대뚜까산,0.000146714
미산,0.00026096
위왕산,0.002579979
당납산,0.002094554
백토산,0.002063983
굿등산,0.000879507
고등산,0.001039861
동골산,0.001386482
광월산,0.001043841
동개산,0.000142056
수봉산,0.001099384
응암산,0.000880282
등갈산,0.000710278
낙화산,0.000989446
접성산,0.000293427
모라치산,0.00041079
거머지산,0.004679144
까딱산,0.001386482
소괴산,0.000109938
상은적산,0.001351808
논골산,0.000352485
말망산,0.000693241
고고산,0.000284111
견산,0.000693241
속금산,0.000675904
장암산,0.000337952
면봉산,0.000733568
듬배산,0.013034759
태리산,0.000334225
한사래산,0.000693241
양각산,0.000989446
쪽박산,0.000693241
회문산,0.000782881
수방산,0.000782881
도초산,0.000219877
주마산,0.000440141
봉화대산,7.10278E-05
밥갓산,0.000109938
가막산,0.000219877
사랑산,0.004072566
덕갈산,0.002347418
감투동산,0.006666667
동묘산,0.000146714
노기산,0.00027386
포도산,0.001026995
괴산,0.000146714
나래산,0.000782881
무덤산,0.000109938
뒷집넘어산,0.000440141
광산,0.002579979
행경산,0.003325942
팔재산,0.003095975
밝얼산,0.002101944
산담골,0.001173709
각흘산,0.000355139
노악산,0.001173709
설구산,0.000284111
가현산,0.00434492
성두산,0.003095975
화채능선,0.0012785
청석산,0.000109938
연평산,0.006350267
어미산,0.00095851
배부른산,0.000213083
힌등산,0.000293427
중산,0.000213083
금다불산,0.000337952
유봉산,0.000146714
백우산,0.000568222
갓산,0.004254695
갈동앞산,0.000370233
덕세산,0.000284111
재니산,0.001196888
고련산,0.00013693
마정산,0.000293427
패명산,0.000284111
덕대산,0.001320423
백병산,0.000586854
주론산,0.002961866
원덕산,0.000693241
정금산,0.000497194
개궁산,0.000219877
쇄리밭골산,0.00026096
약천산,0.000440141
무성산,0.004643963
법수산,0.000219877
동성산,0.013333333
명학산,0.00082158
윗화악산,0.000549692
불두산,0.000440141
소추산,0.001733102
안개산,0.000586854
백아산,0.013746916
각희산,0.000923361
맹동산,0.000880282
염통산,0.0011107
죽도,0.00034662
무지개산,0.000293427
첨지산,0.000675904
술산,0.000142056
거르목산,0.000440141
평전산,0.000549692
문복대,0.001173709
매미실산,0.00034662
황성개비산,0.000586854
장뚝산,0.000299222
칼봉산,0.001633639
성뫼산,0.000782881
수운산,0.000146714
내남산,0.000146714
고주산,0.000440141
승달산,0.001013856
붕금산,0.000146714
봉무산,0.000740466
청벽산,0.003702332
도매기잔등이산,0.000337952
만산,0.000329815
옥답산,0.000740466
대수골산,0.000440141
보잠산,0.000109938
경수산,0.000521921
청용머리산,0.000370233
마래산,0.001351808
송학산,0.002591633
작은덕산,0.001386482
암산,0.000740466
태행산,0.00161385
자옥산,0.000586854
운서산,0.001173709
부릉산,0.001547988
부채살산,0.00352485
가운데날산,0.001547988
독금산,0.000782881
무포산,0.000880282
첨산,0.002365664
남왕굴산,0.000668449
서운산,0.005199307
작은태봉산,0.001013856
망봉산,0.000219877
사림산,0.001351808
마석산,0.001173709
망내산,0.000337952
맷산,0.002494131
남당산,0.000782881
작봉산,0.000515996
조남산,0.000439754
성매산,0.000675904
단봉산,0.000439754
금전산,0.002703616
각골산,0.00034662
금적산,0.001031992
모란동산,0.000521921
범왕산,0.000329815
건령산,0.002393776
천배산,0.00026096
등기산,0.001026995
노봉산,0.000293427
석당산,0.000109938
등잔산,0.000299222
미녀산,0.000659631
인배산,0.000352485
마금산,0.000549692
허굴산,0.000109938
북두산,0.000219877
옥난간산,0.000219877
운골산,0.000142056
신기산,0.003095975
홍도산,0.000497194
큰바람골산,0.000355139
마복산,0.000675904
월망산,0.00034662
지네산,0.000675904
증산,0.002308707
사금내산,0.00013693
턱밑산,0.001480933
명동산,0.000586854
동광산,0.000293427
가마모산,0.00070497
수레의산,0.00013693
항가산,0.00026096
둥금산,0.000146714
웅이산,0.000293427
내동산,0.001039861
구학산,0.000497194
용곡산,0.00262743
밤실산,0.000675904
조운산,0.000146714
당골산,0.00082158
지애산,0.000439754
봉제산,0.000686577
개화산,0.000743792
인릉산,0.00027386
소달산,0.00013693
관문산,0.002200704
승상산,0.000228859
사점산,0.003466205
말무덤산,0.00041079
서당골산,0.000740466
왕치산,7.10278E-05
소락산,0.001057455
박우리산,0.000515996
배부락산,0.001351808
회룡안산,0.000675904
용각산,0.000659631
옹달산,0.00013693
백호산,0.000675904
일자산,0.001830873
용왕산,0.00011443
장기산,0.00168976
육화산,0.000329815
관심산,7.10278E-05
뱀곡산,0.000668449
어시미산,0.000109938
무동산,0.001013856
숲뒤산,0.000586854
비홍산,0.00034662
뇌성산,0.000293427
수래바위산,0.00211491
하산,0.001304802
고성리산,0.004643963
이골산,0.00013693
담쟁등산,0.001351808
후야산,0.00168976
반곡산,0.00026096
홍곡산,0.001847746
달래백이산,0.000440141
월여산,0.000219877
서달산,0.001029866
학가산,0.001173709
배매산,0.001043841
전호산,0.001002674
작은서산,0.004729375
농암산,0.00168976
선석산,0.000549692
의룡산,0.000219877
하천산,0.001351808
방마산,0.001013856
장송산,0.000146714
노방산,0.003678403
구부리산,0.00034662
고금산,0.000146714
은산,0.000989446
부암산,0.000675904
청용산,0.000219877
건배산,0.000337952
구녀산,0.0011107
용당산,0.000439754
승방산,0.00026096
선주산,0.00026096
발군산,0.000693241
갈밭골산,0.000586854
지안산,0.002027712
장척산,0.001099384
마분산,0.000109938
먹뱅이산,0.002079723
강바위산,0.001547988
아우산,0.000675904
학조산,0.001467136
새암산,0.000219877
새동산,0.00027386
한라산1100고지,0.005
장육산,0.000219877
이자산,0.000146714
개죽산,0.00034662
큰대산,0.000142056
진날산,0.002579979
칠산,0.000769569
할메산,0.000668449
죽림산,0.001065417
자봉산,0.000598444
신곡산,0.000109938
세성산,0.001039861
금광석산,0.000213083
달돋이산,0.000352485
한점미산,0.00041079
개운산,0.000343289
후망산,0.003812825
수악끝산,0.002673797
배봉산,0.001544799
벽화산,0.000439754
매방산,0.000370233
지양산,0.000514933
흥무산,0.000659631
남전산,0.000440141
정토산,0.000521921
가암산,0.00070497
금계산,7.10278E-05
재건산,0.002579979
륵두산,0.000293427
학당산,0.000370233
선녀골산,0.001480933
황보골산,0.000293427
솔동산,0.028333333
각화산,0.002640845
도토성산,0.000370233
마달피산,0.00034662
부처집산,0.00013693
종암산,0.000439754
채계산,0.002348643
냉정산,0.000586854
발산,0.000568222
평바위산,0.000521921
관청산,0.000515996
망전산,0.000710278
해협산,0.00211491
틀모산,0.001026995
황경산,0.000293427
지각산,0.001026995
모봉산,0.000440141
법이산,0.00149611
큰등산,0.000219877
지적산,0.002703616
장당산,0.000109938
연부산,0.00026096
서기산,0.00034662
금강산,0.001013856
중발산,0.000293427
광성산,0.000352485
가흘리산,0.000293427
밀매산,0.001057455
간주막산,0.000440141
댁미산,0.000782881
신걸산,0.00070497
화학산,0.00070497
오석산,0.001039861
배바위산,0.000109938
서방산,0.001043841
휘봉산,0.000337952
관암산,0.000337952
봉실산,0.001826722
개박달산,0.000219877
한제산,0.000521921
곤봉산,0.002365664
영태산,0.000337952
사금산,0.000293427
금동산,0.000989446
이화산,0.000693241
연봉산,0.000439754
개천산,0.000352485
벽산,0.000146714
호두산,0.000219877
월미산,0.007018717
십리장동산,0.00034662
돌박산,0.002101944
됨박산,0.000693241
까끄뫼산,0.00026096
점미산,0.00027386
통명산,0.00026096
조봉산,0.00026096
민두산,0.000219877
우락산,0.000109938
덤내산,0.000693241
옥천산,0.00034662
달윤산,0.000439754
석단산,0.000440141
죽전산,0.000880282
갈라산,0.000880282
비아산,0.001386482
천둥산,0.000329815
신중일석산,0.001039861
고모래산,0.00034662
갈방산,0.000733568
대아산,0.000675904
담바우산,0.000740466
증만산,0.00034662
등용산,0.00070497
덕구산,0.000142056
큰무등산,0.000219877
큰골산,0.000329815
첨찰산,0.00168976
각시산,0.000146714
신봉산,0.001649077
거저산,0.001196888
악어산,0.001043841
산봉산,0.000146714
안수산,0.006666667
사막골산,0.000515996
용호산,0.00149611
지파산,0.000659631
호동산,0.00034662
우복산,0.000586854
별립산,0.00027386
고해산,0.000740466
귀골문퉁이산,0.000370233
우봉산,0.001320423
퇴비산,0.00034662
상주산,0.00013693
푸른산,0.00013693
망치산,0.00026096
작은똥산,0.00168976
벌매산,0.002467395
개미산,0.00027386
보죽산,0.000675904
뱀용산,0.000497194
삼내산,0.001304802
가잠산,0.000521921
견달산,0.00011443
노인산,0.000329815
벌통산,0.00026096
다라목이산,0.000142056
동금산,0.000337952
거묵바위산,0.002579979
장개산,0.001013856
신도산,0.001351808
해남산,0.000675904
녹서산,0.000109938
학강산,0.000213083
용궐산,0.00026096
북종산,0.001013856
안경구덩이산,0.002063983
갈마골산,0.000146714
풍취산,0.000994389
어림산,0.000733568
금귀산 금귀봉,0.000219877
일락산,0.004159445
할미산,0.000146714
중고산,0.000521921
내우산,0.000337952
마락산,0.00041079
보두산,0.000219877
실혜산,0.000439754
송공산,0.001351808
중방산,0.000109938
감박산,7.10278E-05
수장산,0.000426167
비재산,0.000337952
마곡앞산,0.001031992
귀비산,0.000219877
삼밭산,0.000521921
은석산,0.001039861
금백산,0.00013693
유건산,0.000897666
가학산,0.002339572
성터산,0.004852686
장릉산,0.000668449
따미산,0.000497194
당뫼산,0.000675904
권은틀산,0.00027386
조지산,0.000782881
밤산,0.000352485
동백산,0.001013856
학성산,0.001039861
내다리산,7.10278E-05
노구산,0.000109938
동구산,0.000549692
물넘이뒷산,0.000334225
사학산,0.000109938
인대산,0.000693241
분골산,0.000740466
영귀산,0.000337952
여시산,0.000693241
도드람산,0.00054772
할매성지산,0.000299222
어류산,0.003812825
질마산,0.00070497
물명산,0.000109938
봉학산,0.000693241
감의산,0.000586854
사당산,0.000219877
고시락골산,0.00013693
삼양산,0.000213083
마로산,0.001013856
늘봉산,0.000337952
황매산,0.0014292
역마산,0.000337952
용제산,0.000352485
망룡산,0.000109938
호산,0.001013856
화시산,0.001304802
하구산,0.000693241
약수절산,0.001057455
당재산,0.00027386
영지산,0.000146714
병무산,0.000337952
조피산,0.000293427
환희산,0.001039861
열미산,0.000515996
감바우산,0.000675904
검은애산,0.000213083
여수 비탈산,0.000370233
활석광산,0.00027386
어수산,0.000337952
심우산,0.001026995
목골산,0.000171644
절골산,0.000586854
오초산,0.000515996
서봉산,0.00178009
십자산,0.000369549
배풍산,0.00026096
예미산,0.000284111
황새머리산,0.00026096
달보산,0.00034662
서독산,0.002339572
자주봉산,0.0011107
나봉산,0.00013693
절악산,0.000693241
삼길산,0.001386482
맹자산,0.000213083
참산,0.002063983
법산,0.000549692
부길산,7.10278E-05
감토산,0.000329815
전봉산,0.00168976
수태산,0.000219877
산머리곡산,0.000355139
배재산,0.001386482
돌남산,0.001031992
사마산,0.001031992
보리산,0.000852333
사실터고개산,0.00013693
향수산,0.00082158
재치산,0.000142056
괘일산,0.00013693
문형산,0.00070497
새귀양지산,7.10278E-05
웅방산,0.000337952
광춘산,0.001013856
소중산,0.00168976
마미산,0.000740466
방구산,0.000352485
봉알산,0.000440141
독용산,0.000879507
추월산,0.001565762
조례산,0.000109938
선방산,0.000586854
연포산,0.001013856
양경산,0.001013856
두만산,0.000782881
박유산,0.000219877
쇠덤산,0.000769569
욕망산,0.000109938
엄속산,0.000733568
소산,0.000733568
서낭댕이산,0.00013693
배공산,0.001057455
범실산,0.000146714
왕복재산,0.000740466
고막산,0.000352485
파사산,0.000142056
관불산,0.002063983
붕엉산,0.00034662
상남산,0.001039861
기반산,0.000299222
작은가야산,0.001099384
공수산,0.001547988
신글산,0.000109938
자초산,0.001173709
새남산,0.00034662
우릉산,0.00034662
봉수산,0.000293427
오청산,0.000370233
설창산,0.000440141
멍덕산,0.000521921
화락산,0.00034662
모산,7.10278E-05
소석문,0.002703616
호거산,0.000879507
우베틀산,0.000586854
장달산,0.00013693
벌라이산,0.00054772
서금산,0.000675904
들온산,0.000293427
장사산,0.00026096
덕매산,0.000675904
마암산,0.000549692
갈밭등산,0.000880282
윗산,0.000146714
고령산,0.00054772
별태산,0.000352485
오정산,0.000146714
방미산,0.00026096
향교산,0.000329815
희여산,0.001013856
턱골산,0.00034662
관위산,0.000142056
모종산,0.000293427
추마산,0.001847746
옥교산,0.000219877
가둠산,0.00070497
동망산,0.000219877
연점산,0.000880282
서원산,0.000146714
왕제산,0.000355139
망당산,0.00054772
승주골산,0.001039861
용진산,0.00211491
채운산,0.000515996
삼산,0.001351808
효양산,0.00041079
드룹산,0.000284111
조공산,0.00034662
간대산,0.000586854
왕배산,0.00095851
만석산,0.000293427
백미산,0.000740466
징밑산,0.00034662
발백산,0.000598444
당두산,0.001480933
긴등산,0.00070497
함각산,0.007739938
흥림산,0.000880282
물봉산,0.001386482
모담산,0.001336898
여기산,0.00027386
이면산,0.000293427
수연산,0.000219877
현금산,0.000329815
작두산,0.000370233
음달산,0.000219877
태고산,0.000370233
노승산,0.000337952
삼비산,0.000337952
떡매산,0.000293427
고양산,0.000213083
숙지산,0.00027386
기관산,0.000213083
덕태산,0.002079723
운동산,0.000337952
옹성산,0.00140994
출동산,0.000370233
천부산,0.001320423
시모산,0.000109938
자부랑산,0.000146714
골무산,0.000219877
위례산,0.001039861
물음산,0.000521921
옛성산,0.000228859
우장산,0.000286074
가래산,0.00013693
갈바산,0.000439754
삼등산,0.000370233
돼지산,0.000675904
성마산,0.000675904
칠사산,0.000352485
시래산,0.000439754
금음산,0.000549692
판사등산,0.000352485
중칭산,0.000219877
황무산,0.00013693
반반옆댕이산,0.002027712
전월산,0.003702332
갈광산,0.00026096
기름산,0.000337952
솔병산,0.000337952
흰등산,0.000598444
두방산,0.002365664
시구산,0.000370233
뚱매산,0.000109938
아굴산,0.000693241
됨방산,0.00034662
매방채산,0.000370233
노강산,0.000337952
낙수산,0.000109938
통내산,0.000219877
벌통뱅이산,7.10278E-05
주박산,0.00034662
옥촉산,0.000293427
금골산,0.000337952
성메산,0.000521921
석문산,0.001386482
부산,0.002079723
우등산,0.00013693
새능산,0.00013693
석천리산,0.00082158
애미산,0.000440141
미궐산,0.000337952
정산,0.000293427
공개산,0.000293427
선도산,0.000293427
청화산,0.000733568
선황산,0.000337952
새창열댕이산,0.00140994
남성산,0.0011107
곰산,0.00041079
지등산,0.000370233
두릉산,0.000142056
현족산,0.000293427
선운산,0.000521921
저산,0.000109938
장구목산,0.000693241
난함산,0.000880282
조칠산,0.000284111
까끔산,0.000880282
갈골산,0.000440141
약대산,0.00041079
괘병산,0.000213083
골기산,0.000219877
큰돌산,0.000337952
간축산,0.000337952
일당산,0.00013693
등암산,0.000293427
근지산,0.000337952
오배산,0.00034662
무수산,0.00034662
아래당미산,0.00041079
녹두산,0.000109938
소대기산,0.000740466
박태산,0.00161385
동락산,0.001043841
남청산,0.000426167
마고산,0.000146714
낙상산,0.000293427
소망주산,0.000675904
알등개산,0.000440141
알미산,0.00026096
태종산,0.000109938
뾰족산,0.000675904
바구산,0.002027712
오설피산,7.10278E-05
포대산,0.000293427
삼모산,0.000146714
성제산,0.000146714
홍복산,0.000286074
소룡산,0.000109938
말잔등산,0.00054772
대접산,0.000370233
독묘산,0.000293427
독실산,0.000337952
모밀산,0.000146714
호사산,0.000337952
부곡산,0.000337952
칠장산,0.00034662
오용산,7.10278E-05
다불산,0.000675904
망신산,0.00034662
오토산,0.000586854
골봉산,0.000740466
용봉산,0.00026096
호미동산,0.001013856
종종모래이산,0.00013693
봉오산,0.000586854
칠갑산,0.010745234
말방산,0.000146714
간서랑산,0.000219877
통봉산,0.000515996
비대산,0.000142056
중동산,7.10278E-05
마가산,0.00034662
백리산,0.003812825
두무산,0.000219877
대이산,0.002079723
몽각산,0.00034662
설산,0.00026096
물야산,0.000109938
묘봉산,0.000329815
상투산,0.000219877
꽃매산,0.000668449
속골산,0.000146714
장학산,0.00034662
은밤산,0.001039861
둔내산,0.000782881
중대산,0.000146714
채약산,0.000733568
봉배산,0.002467395
도리산,0.000334225
정배산,0.00027386
성대산,0.000146714
솔매산,0.000521921
대맷산,0.001043841
자파산,0.000146714
쌍봉산,0.000782881
형산,0.00034662
어산,0.00027386
배틀산,0.002365664
물금산,0.000109938
마국산,0.00027386
호음산,0.000329815
풍혈산,0.000355139
문산,0.00070497
봉대미산,0.00034662
대명산,0.000521921
북만산,0.001039861
여우산,7.10278E-05
금박산,0.000146714
수봉칠산,0.000146714
인경산,0.001851166
풍악산,0.000521921
비님이산,0.000146714
원수산,0.003702332
딴산,7.10278E-05
선왕산,0.000352485
수치산,0.000109938
서낭당산,0.00013693
육묘산,0.000370233
너릿골산,0.000598444
덕숭산,0.001733102
웅두박골산,0.000329815
주리통산,0.001057455
수월산,0.000337952
부엉디미산,0.000370233
마감산,0.000284111
날목골산,0.000299222
뒷덕산,7.10278E-05
남목뒷산,0.000525486
기재산,0.000740466
닭벼슬산,0.000293427
대포산,0.000109938
이락산,0.000219877
큰봉재산,0.000109938
시궁산,0.00027386
천반산,0.00026096
문중산,0.000146714
됫뫼산,0.00034662
큰비알산,0.000525486
하서산,0.001351808
신방산,0.000299222
아기봉산,0.000293427
별봉산,0.001013856
갑남산,0.000521921
도암산,0.000337952
버리산,0.000146714
무어산,0.000109938
댄성산,0.000740466
주암산,0.000299222
목골뿌리산,0.00027386
투구봉산,0.00013693
태성산,0.00034662
뒷비알산,0.000293427
서낭매기제,0.000146714
장금산,0.00026096
내화산,0.00027386
새끼등산,0.000293427
지삼산,0.000109938
궝망동산,0.001666667
용머리산,7.10278E-05
큰갓산,0.000293427
장구등산,0.000109938
보적산,0.000337952
봉글레산,0.003333333
백방산,0.00026096
장계산,0.000521921
대가산,0.000146714
부친당산,0.00034662
엔당산,0.000219877
조롱산,0.000329815
고래실산,0.00027386
독점산,0.000293427
지기산,0.00034662
노장산,0.000219877
사일산,0.000440141
문길산,0.00034662
외남산,0.000146714
은부산,0.000171644
퇴래미산,0.000219877
방울산,0.00013693
등메산,0.001565762
수안산,0.000334225
심학산,0.00232781
봉개산,0.00026096
선유산,0.000109938
도용나무동산,0.01
동막산,0.000142056
우가산,0.000525486
어깨산,0.000337952
고랑큰음달산,0.000109938
딴똥문이산,0.00034662
방화산,0.000693241
멍두산,0.000739098
아지산,0.000440141
장락산,0.000213083
을궁산,0.000370233
옥계산,7.10278E-05
옹산,0.000549692
초암산,0.000337952
당경산,0.001039861
적근산,0.000426167
살목산,0.000740466
서덕산,0.00070497
말모이산,0.00013693
야월산,0.000213083
죽산산,0.00026096
석천산,0.000219877
퇴봉산,0.000693241
그림산,0.000337952
계화산,0.00026096
천택산,0.000146714
여분산,0.00026096
거망산,0.000329815
난봉산,0.000337952
증미산,0.00011443
침곡산,0.000146714
명우산,0.00034662
사룡산,0.000293427
정수산,0.000329815
송정산,0.000109938
만림산,0.000109938
이영산,0.000337952
운월산,0.00140994
옥녀산,0.001013856
엄혜산,0.000219877
풍류산,0.00027386
승봉산,0.000675904
신라산,0.000337952
바람붙이산,0.000370233
가마귀산,0.00026096
철승산,0.000515996
거지골산,0.000440141
도관산,7.10278E-05
현계산,0.000142056
유왕산,0.000693241
벙딤이산,0.00034662
괴화산,0.001480933
상대산,0.000146714
문박산,0.00034662
신암봉산,0.000525486
왕터산,0.000142056
취령산,0.000675904
여귀산,0.000337952
어류숫산,0.000740466
방지산,0.000109938
당남산,0.000219877
바람머리산,0.000142056
천애산,0.00026096
발옥산,0.000352485
령산,0.00013693
석교산,0.000337952
양청곡산,0.00026096
흰작산,0.00070497
갈무산,0.00026096
작은아미산,0.000521921
능골산,0.00013693
내고산,0.001050972
코장산,0.000109938
거장산,0.000109938
기우산,0.000213083
동학산,0.00041079
황룡산,0.00027386
월방산,0.000146714
꽃봉산,0.000219877
새덕산,7.10278E-05
부종산,0.000219877
구인산,0.000109938
자암산,0.000219877
중마산,0.000337952
추산,0.000109938
갯당산,0.000521921
태메산,0.000352485
쪽박등산,0.000352485
오매산,0.00034662
용등산,0.000219877
면산,0.00034662
몽중산,0.000337952
자씨산,0.000109938
망미산,0.00034662
무량산,0.001043841
삼망산,0.000337952
송림산,0.00026096
갈구지산,0.000675904
지소산,0.000109938
빙고산,0.000146714
군관산,0.00034662
예덕산,0.000284111
삼문산,0.000675904
수북산,0.000515996
덕양산,5.72148E-05
새치궁산,0.000299222
중뫼산,0.000370233
내봉산,0.000515996
밀개산,0.000146714
골내미산,0.00013693
종산,0.000337952
석호산,0.000337952
공수방산,0.000370233
거멍산,0.000370233
대원산,0.000146714
운하산,0.000693241
빌미산,0.000740466
복화산,7.10278E-05
망고강산,0.00034662
평용산,0.000146714
용당뒷산,0.000370233
농바위산,0.000370233
말바위산,0.00034662
벽암산,0.00027386
비계산,0.000219877
관절미산,0.000299222
황곡산,0.00013693
뱀박골산,0.000146714
소미산,0.000337952
만경산,0.000146714
미동산,0.000370233
구쌍산,0.000598444
병봉산,0.00013693
곤방산,0.00026096
원주산,0.002063983
복주게산,0.00034662
밤골산,0.000598444
평안산,0.000515996
화다산,0.000352485
큰번데기산,0.000329815
행덕산,0.00027386
아흔아홉봉산,0.000352485
몽산,0.000693241
안골산,0.000352485
동고안산,0.00026096
차다맥이산,0.001039861
골막산,0.000334225
대림산,0.000370233
보르매산,0.00034662
뒷재산,0.000337952
벼랑산,0.00013693
흑응산,0.000146714
오향리산,0.00070497
봉지봉산,0.00013693
지게산,0.000146714
이배산,0.00034662
내상산,0.00034662
신금산,0.000337952
설경산,0.00013693
연주산,0.000352485
장명산,0.00013693
도비산,0.00034662
면각동산,0.000352485
